date,event_description,location,category
1790-03-01,"Ряд поражений русских войск в Финляндии.",Финляндия,Война
1790-07-02,"Выборгское морское сражение - сражение в Выборгском заливе двух русских эскадр с шведским флотом в ходе Русско-шведской войны 1788—1790 годов.",Выборгский залив,Война
1790-07-02,"Морской бой на Роченсальмском рейде 2 - 9 июля 1790 г. - Роченсальмское сражение (в ходе русско-шведской войны 1788—1790 годов). между гребными флотами России и Швеции.","Роченсальмский рейд",Война
1790-07-19,"Разгром в Керченском морском сражении русским флотом турецкого. Это не дало возможности высадить десант турецких войск в Крыму","Керченский пролив",Война
1790-08-01,"Шведы берут реванш у Свенсксунда.",Свенсксунд,Война
1790-08-01,"Снятие русским флотом блокады турецкими войсками Дуная","р. Дунай",Война
1790-08-14,"Между Россией и Швецией подписан Верельский мирный договор.",Верель,Дипломатия
1790-09-08,"Победа русского флота над турецким при Тендре",Тендра,Война
1790-12-22,"С восходом солнца началась подготовка штурма Измаила, штурм произошел 11 декабря.",Измаил,Война
1790-01-01,"Указ Екатерины II о возвращении всех русских из Франции.","Россия/Франция",Политика
1790-01-01,"Выпуск Радищевым книги ""Путешествие из Петербурга в Москву"". Арест Радищева и приговор его к смертной казни. Замена ссылкой на 10 лет в Сибирь",Россия,"Общество/Право"
1791-08-26,"В саксонском замке Пильниц принята Пильницкая декларация, которая явилась основой австро-прусского союзного договора (февраль 1792), положившего начало коалиции европейских монархов, объединившихся для противодействия французской революции.","Замок Пильниц, Саксония","Дипломатия/Политика"
1791-09-03,"Франция. Принятие Учредительным собранием Конституция Франции 1791 года","Париж, Франция","Право/Политика"
1791-12-16,"Смерть Григория Потемкина.",,Персоналии
1792-01-09,"Русско-турецкий мирный договор в Яссах, подтверждающий условия Кючук-Кайнарджийского мира, а также признающий присоединение к России Крыма и уступающий ей Очаковскую степь.",Яссы,Дипломатия
1792-02-07,"В Берлине подписан Австро-прусский союзный договор","Берлин, Пруссия",Дипломатия
1792-04-01,"В Польше русская партия образует в Тарговицах конфедерацию: конституция 3 мая 1791 отменена, и подготовка к войне прекращена.","Тарговица, Польша","Политика/Война"
1792-05-18,"Русские войска входят в Польшу.",Польша,Война
1792-09-20,"Победа революционных войск при Вальми (см. сражение у Вальми). В тот же день открылся Национальный конвент.","Вальми, Франция","Война/Политика"
1792-12-11,"Король Франции ЛЮДОВИК XVI предстал перед судом Конвента.","Париж, Франция","Политика/Право"
1793-01-12,"Россия и Пруссия договариваются о втором разделе Польши.",,"Дипломатия/Политика"
1793-01-23,"Второй раздел Польши. Россия приобретает территорию юго-западнее Двины (Центральную Белоруссию с Минском и часть Волыни) и Подолию.","Польша/Россия/Пруссия","Политика/Дипломатия"
1793-02-08,"После казни Людовика XVI Екатерина II отказывается от всех договоров, заключенных с Францией.","Россия/Франция","Политика/Дипломатия"
1793-03-10,"Начало контрреволюционного восстания в Вандее и Бретани (см. статью Вандейские войны)","Вандея/Бретань, Франция","Восстание/Война"
1793-03-25,"Договор о дружбе и финансовой помощи с Англией.","Россия/Англия",Дипломатия
1793-05-31,"Началось восстание в Париже (с 31 мая по 2 июня), в результате которого жирондисты были изгнаны из конвента и установилась Якобинская диктатура.","Париж, Франция","Восстание/Политика"
1793-06-24,"Франция. Принятие Конвентом новой Конституции Франции 1793 года","Париж, Франция","Право/Политика"
1793-09-01,"Екатерина II признает графа Прованского регентом королевства. Все находящиеся в России французы обязаны дать подписку о неприятии принципов революции.",Россия,Политика
1794-01-01,"Екатерина собирает совет из высших чиновников империи и объявляет о своем намерении лишить права наследования престола великого князя Павла на основании его дурного характера и отсутствия способностей. Она назначает наследником своего внука Александра.",Россия,Политика
1794-03-01,"Начало польского восстания против оккупантов.",Польша,Восстание
1794-04-04,"24 марта Тадеуш Костюшко наносит поражение русским войскам под Рацлавицами. Нападение на русский гарнизон в Варшаве.","Рацлавицы/Варшава, Польша","Восстание/Война"
1794-04-22,"11 апр. Восстание в Вильне.","Вильно (Вильнюс), Литва",Восстание
1794-06-01,"Произошло Уэссанское сражение в Атлантике между английской и франц. эскадрами","Атлантический океан (о. Уэссан)","Война/Флот"
1794-10-10,"29 сент. Русско-прусские войска разбивают патриотов Костюшко при Мациевицах.","Мациевицы, Польша","Война/Восстание"
1794-11-04,"24 окт. А.В. Суворов занимает Прагу, предместье Варшавы. Город сдается. Конец польского восстания.","Прага (предместье Варшавы), Польша","Война/Восстание"
1795-08-22,"Франция. (5 фрюктидора III г.) Принята Конституция Франции 1795 года","Париж, Франция","Право/Политика"
1795-10-24,"13 окт. Третий раздел Польши: Россия получает Курляндию, Самогитию, оставшуюся часть Литвы, Белоруссии и Волыни.","Польша/Россия/Пруссия/Австрия","Политика/Дипломатия"
1795-11-25,"14 нояб. Отречение Станислава II Понятовского.",Гродно,"Общество/Политика"
1796-11-17,"(по ст. стилю 06.11) Умерла Екатерина II (урожденная немецкая принцесса Софья Фредерика Августа Анхальт-Цербстская)","Санкт-Петербург, Россия",Персоналии
1797-04-16,"Коронация императора Павла І в Москве. Своим первым указом Павел отменил установленный Петром І порядок престолонаследия по завещанию и ввел наследование по праву первородства по мужской линии.","Москва, Россия","Политика/Право"
1798-08-01,"Произошло морское сражение между англичанами и французами у острова Абукир.","о. Абукир, Египет","Война/Флот"
1799-02-18,"Русский флот взял штурмом остров Корфу.","о. Корфу, Ионические острова","Война/Флот"
1799-04-26,"(по юлианскому календарю 15 апреля) Началось сражение на реке Адда (15—17 апреля 1799 г.) между русско-австрийской армией и французскими войсками.","р. Адда, Италия",Война
1799-06-18,"А.В. Суворов в сражении на реке Треббия разгромил французскую армию.","р. Треббия, Италия",Война
1799-08-15,"А.В.Суворов одержал победу над французами в сражении при Нови.","Нови, Италия",Война
1799-11-09,"Переворот 18 брюмера во Франции. Наполеон Бонапарт становится Первым консулом, фактически сосредоточив в своих руках власть.","Париж, Франция","Политика/Переворот"
1799-12-10,"Во Франции введена метрическая система.",Франция,"Наука/Реформы"
1801-03-23,"(по юлианскому календарю - 11 - 12 марта) Убийство Павла І. Граф Пален, Зубов и Бенигсен при согласии Александра І организуют заговор, чтобы заставить Павла І отречься, но убивают его в Михайловском замке.","Санкт-Петербург, Россия","Политика/Переворот"
1801-03-01,"Донские казаки (22.500 человек), направленные 31 декабря (12 января) в Индию дошли до Иргиза (после смерти Павла І повернули назад).","р. Иргиз, Россия","Война/Политика"
1801-01-01,"Начало царствования Александра І.",Россия,Политика
1801-06-15,"Петербургская морская конвенция между Россией и Великобританией. Установление дружеских отношений Великобритании с Россией, отмена эмбарго на передвижение английских кораблей Россией","Санкт-Петербург, Россия",Дипломатия
1801-01-01,"Право крестьян-собственников в России приобретать в собственность, продавать, завещать и дарить ненаселенные земли.",Россия,"Право/Реформы"
1801-04-11,"(по юлианскому календарю - 30 марта) Начало работы ""Непременного совета"" из 12 человек при императоре России Александре І (1801-1810)","Санкт-Петербург, Россия",Политика
1801-04-14,"(по юлианскому календарю - 2 апреля) Восстановлены жалованные грамоты дворянству и городам.",Россия,"Право/Реформы"
1801-04-14,"(по юлианскому календарю - 2 апреля) Начало работы ""Негласного комитета"" при императоре России Александре I (1801-1803) - Николай Новосильцев, Павел Строганов, Виктор Кочубей, Адам Чарторыйский.","Санкт-Петербург, Россия",Политика
1801-06-09,"(по юлианскому календарю - 28 мая) Указ Александра I о запрещении публиковать в газетах объявления о продаже крепостных без земли.",Россия,"Право/Реформы"
1801-06-15,"Включение в состав России ""Бакинской области""","Баку/Азербайджан",Политика
1801-08-30,"Поражение Наполеона в Египте",Египет,Война
1801-09-12,"К России отошли земли на северо-востоке Каспия (пески Сам, полуостров Бузачи, Усть-Урт)","Прикаспийский регион",Политика
1801-10-08,"(по юлианскому календарю - 26 сентября) Парижский мирный договор между Россией и Францией","Париж, Франция",Дипломатия
1801-12-24,"(по юлианскому календарю - 12 декабря) Отменена монополия государства и дворянства на владение недвижимостью. Простолюдины получают право покупать незаселенные земли.",Россия,"Право/Реформы"
1802-01-01,"Наполеон Бонапарт обвенчался со своей женой Жозефиной (гражданский брак был заключен ранее).","Париж, Франция",Персоналии
1802-03-25,"Заключен Амьенский мирный договор между Францией и Великобританией, завершивший войну Второй коалиции. Наступил короткий период мира в Европе.","Амьен, Франция","Дипломатия/Война"
1802-05-01,"Акт между Россией и Туркменией",,Дипломатия
1802-09-20,"(по юлианскому календарю - 8 сентября) Манифест об учреждении 8-ми министерств: военного, морского, иностранных дел, юстиции, внутренних дел, финансов, нар. просвещения, коммерции. Расширение прав сената по контролю за соблюдением законности и управления страной","Санкт-Петербург, Россия","Политика/Реформы"
1802-05-03,"(по юлианскому календарю - 21 апреля) Открытие Дерптского университета","Дерпт (Тарту), Эстония",Образование
1802-01-01,"Создание особого министерства народного образования",Россия,"Политика/Реформы"
1802-09-15,"Включение в состав России Аварского ханства","Дагестан, Россия",Политика
1802-01-01,"Назначение Н.П. Румянцева министром коммерции России",Россия,Политика
1803-02-05,"(по юлианскому календарю - 24 января) Учреждение в России пяти учебных округов во главе с попечителями.",Россия,"Образование/Реформы"
1803-01-01,"Началось кругосветного путешествия кораблей ""Надежда"" и ""Нева"" под командованием И.Ф. Крузенштерна и Ю.Ф. Лисянского (продолжалось с 1803 по 1806 гг.)","Кронштадт/Мировой океан","Наука/Экспедиция"
1803-01-01,"Устав Московского университета разрешил иметь четыре факультета: нравственных и политических наук; физических и математических наук; медицинских наук; словесных наук","Москва, Россия","Образование/Реформы"
1803-01-01,"Снятие запрета на открытие ""вольных типографий"" в России",Россия,"Право/Общество"
1803-01-01,"Учреждение в Петербурге Публичной библиотеки","Санкт-Петербург, Россия","Культура/Образование"
1803-01-01,"Конец работы ""Негласного комитета"" при императоре России Александре І (1801-1803)","Санкт-Петербург, Россия",Политика
1803-01-01,"Основание Заемного банка в России",Россия,Экономика
1803-03-04,"(по юлианскому календарю - 20 февраля) Указ о свободных хлебопашцах: помещики могут отпускать своих крепостных с наделами. За время царствования Александра І указом смогли воспользоваться лишь 47.000 крестьян (выкупили свободу с землей).",Россия,"Право/Реформы"
1803-01-01,"Завоевание Мегрелии (Мингрелии) на Кавказе.","Мегрелия, Грузия","Война/Политика"
1803-01-01,"Устав Виленского университета и Академии наук","Вильно (Вильнюс), Литва",Образование
1803-11-01,"Начался поход русской армии на Гянджу (1803—1804 гг.).","Гянджа, Азербайджан",Война
1803-05-18,"Великобритания разрывает Амьенский мир и объявляет войну Франции. Возобновление Наполеоновских войн.","Лондон, Великобритания","Политика/Война"
1804-01-01,"Начало войны между Россией и Персией.",Кавказ,Война
1804-01-01,"На Кавказе русские владения распространяются на Имеретию, Гурию, Гянджинское ханство, присоединена Грузия, что вызвало войну между Россией и Персией",Кавказ,"Политика/Война"
1804-04-01,"Петербургское соглашение о союзе Великобритании и России по антифранцузской коалиции","Санкт-Петербург, Россия",Дипломатия
1804-01-01,"Расстрел во Франции герцога Энгиенского из рода Бурбонов по обвинению в заговоре. Обострение отношений между Францией и Россией","Венсен, Франция",Политика
1804-05-18,"Сенат провозглашает Наполеона Бонапарта императором французов Наполеоном I.","Париж, Франция",Политика
1804-07-01,"Смягчен закон о цензуре.",Россия,"Право/Реформы"
1804-01-01,"Учреждение Харьковского и Казанского университетов","Харьков/Казань, Россия",Образование
1804-11-17,"(по юлианскому календарю - 5 ноября) Введение университетского устава в России. Установление автономий университетов, выборность ректора и деканов",Россия,"Образование/Реформы"
1804-12-02,"Коронация Наполеона I в соборе Парижской Богоматери в присутствии Папы Римского Пия VII.","Париж, Франция","Политика/Церемония"
1804-12-21,"(по юлианскому календарю - 9 декабря) Закон О устройстве Евреев: им предоставлена свобода вероисповедания, но установлена черта оседлости в западных областях.",Россия,"Право/Реформы"
1805-01-17,"Открыт первый университет на Украине в Харькове","Харьков, Украина",Образование
1805-01-01,"Россия разорвала с Францией и присоединилась к третьей антифранцузкой коалиции.","Россия/Франция","Дипломатия/Война"
1805-01-01,"Война третьей антифранцузской коалиции с Францией",Европа,Война
1805-04-11,"(по юлианскому календарю - 30 марта) Русско-английская союзная конвенция. 9 августа (28 июля) к конвенции присоединилась Австрия.","Санкт-Петербург, Россия",Дипломатия
1805-07-01,"Оборона на реке Аскерань: в районе Карабахского хребта (Закавказье) в июне — июле 1805 г. русский отряд под командованием полковника Карягина (500 чел.) сумел задержать наступление на Грузию персидской армии","р. Аскерань, Карабах",Война
1805-08-09,"Австрия присоединяется к русско-английскому союзу. Сформирована Третья антифранцузская коалиция (Россия, Великобритания, Австрия, Швеция, Неаполитанское королевство).","Вена, Австрия","Дипломатия/Война"
1805-09-07,"Родился писатель Олекса Стороженко",,Персоналии
1805-09-23,"(по юлианскому календарю - 11 сентября) Возобновился русско-турецкий союз.",,Дипломатия
1805-01-01,"Война России и Австрии с Наполеоном.",Европа,Война
1805-10-05,"Произошло окружение австрийской армии под Ульмом","Ульм, Бавария",Война
1805-10-20,"Капитуляция австрийской армии генерала Мака под Ульмом перед армией Наполеона.","Ульм, Бавария",Война
1805-10-21,"Трафальгарское сражение. Британский флот под командованием адмирала Нельсона одержал решающую победу над франко-испанским флотом, обеспечив господство Британии на море. Нельсон погиб в сражении.","мыс Трафальгар, Испания","Война/Флот"
1805-10-25,"Начался так называемый Ульмско-Ольмюцкий марш-маневр Кутузова - отступательный марш-манёвр корпуса М. И. Кутузова из района Браунау (вост. Ульма, Австрия) в Ольмюц (ныне Оломоуц, Чехословакия), проведённый с 13(25) октября по 10(22) ноября.","Австрия/Чехия",Война
1805-10-31,"(по юлианскому календарю - 19 октября) У населённого пункта Мерзбах в Австрии (вблизи г. Линц), произошёл бой между французскими войсками и войсками союзников, в т. ч. и русскими.","Мерзбах (у Линца), Австрия",Война
1805-11-04,"Битва у Шенграбена между французской и русской армиями","Шенграбен, Австрия",Война
1805-11-05,"(по юлианскому календарю - 24 октября) Началось сражение Амштеттене между французским авангардом и русским арьергардом в ходе Русско-французской войны 1805 года.","Амштеттен, Австрия",Война
1805-11-10,"(по юлианскому календарю - 29 октября) В ходе русско-австро-французской войны 1805 года у населенного пункта Дюренштейн в Австрии. произошло сражение между русскими отрядами под командованием генералов М.А.Милорадовича и Д.С.Дохтурова (21 тыс. чел.) и французским корпусом под командованием маршала Э.А. Мортье (25 тыс. чел.).","Дюренштейн, Австрия",Война
1805-11-11,"(по юлианскому календарю - 30 октября) Победа Кутузова в сражении под Кремсом","Кремс, Австрия",Война
1805-12-02,"(по юлианскому календарю - 20 ноября) Поражение русских и австрийцев в сражении при Аустерлице ('Битва трёх императоров').","Аустерлиц, Моравия (ныне Славков-у-Брна, Чехия)",Война
1805-12-26,"Прессбургский мирный договор между Францией и Австрией. Австрия признала завоевания Наполеона, уступила территории и вышла из Третьей коалиции.","Прессбург (ныне Братислава, Словакия)","Дипломатия/Война"
1805-01-01,"Покорение Карабаха и Ширвана.","Карабах/Ширван, Азербайджан","Война/Политика"
1806-01-01,"Началась Адриатическая экспедиция (1806–1807) — переход русской эскадры под командованием адмирала Д. Н. Сенявина из Балтийского в Адриатическое море и ее боевые действия в Адриатике в ходе войны второй коалиции против наполеоновской Франции.","Адриатическое море","Война/Флот"
1806-01-01,"Открытие в России ""Общество заводчиков"".",Россия,Экономика
1806-06-01,"Союз Пруссии с Россией.",,Дипломатия
1806-01-01,"Начало войны между Россией и Турцией (1806 -1812). Взяты Баку и Дербент.","Кавказ/Османская Империя",Война
1806-01-01,"Возвышение Сперанского",Россия,Политика
1806-01-01,"Четвертая антифранцузкая коалиция (1806 - 1807)",Европа,"Дипломатия/Война"
1806-01-01,"Окончание кругосветного путешествия кораблей ""Надежда"" и""Нева"" под командованием И.Ф. Крузинштейна и Ю.Ф. Лисянского (1803 - 1806)","Мировой океан","Наука/Экспедиция"
1806-07-12,"Образование Рейнского союза под протекторатом Наполеона из 16 германских государств. Священная Римская империя фактически прекратила существование.","Париж, Франция",Политика
1806-10-14,"Сражения при Йене и Ауэрштедте. Наполеон разгромил прусскую армию при Йене, маршал Даву разбил основные силы пруссаков при Ауэрштедте. Пруссия выведена из войны.","Йена / Ауэрштедт, Саксония",Война
1806-11-01,"(по юлианскому календарю - ноябрь) Возобновился русско-турецкий конфликт: русские войска заняли придунайские провинции, после чего Турция объявила войну России.","Придунайские княжества",Война
1806-11-21,"(по юлианскому календарю - 9 ноября) Наполеон объявил в Берлине ""континентальную блокаду"" Англии, к которой Россия вынуждена была присоединиться после поражения при Аустерлице.","Берлин, Пруссия","Политика/Экономика"
1806-12-26,"(по юлианскому календарю - 14 декабря) Сражение при Голымине между французской армией и русскими войсками в ходе русско-прусско-французской войны 1806-1807 годов.","Голымин, Польша",Война
1807-01-01,"Манифест Александра І о расширении прав купечества",Россия,"Право/Экономика"
1807-01-01,"Создан комитет по охране общей безопасности. М.М. Сперанский стал главным советником Александра І по всем делам управления и законодательства.",Россия,"Политика/Реформы"
1807-02-07,"(по юлианскому календарю - 26 - 27 января) В Сражении под Прейсиш-Эйлау (Восточная Пруссия) между русско-прусской и французской армиями ни одна из сторон не достигла решающего успеха.","Прейсиш-Эйлау, Восточная Пруссия (ныне Багратионовск, Россия)",Война
1807-05-20,"(по юлианскому календарю - 8 мая) Начались боевые действия на острове Тенедос (ныне турецкий остров Бозджаада) между русскими и турецкими войсками","о. Тенедос (Бозджаада), Османская империя",Война
1807-05-22,"(10-11 мая по юлианскому календарю) Началось Дарданелльское морское сражение между русской Средиземноморской эскадрой и турецким флотом в районе Дарданелл.",Дарданеллы,"Война/Флот"
1807-06-05,"(по юлианскому календарю - 24 мая) Произошло сражение между русской армией и французским корпусом при Гутштадте в ходе Русско-прусско-французской войны 1806—1807 годов.","Гутштадт (Добре Място), Пруссия",Война
1807-06-10,"(по юлианскому календарю - 29 мая) Произошло сражение при Гейльсберге между французской и русской армиями","Гейльсберг (Лидзбарк-Варминьски), Пруссия",Война
1807-06-14,"(по юлианскому календарю - 2 июня) В Битва при Фридланде между русско-прусской и французской армиями французы одержали победу и после этого навязали перемирие, а затем Тильзицкий мир.","Фридланд, Восточная Пруссия (ныне Правдинск, Россия)",Война
1807-06-19,"Состоялось Афонское морское сражение между русским и турецким флотами","Афон (Эгейское море)","Война/Флот"
1807-06-25,"(по юлианскому календарю - 13 - 14 июня) Встреча Александра I и Наполеона в Тильзите на Немане.","Тильзит, р. Неман",Дипломатия
1807-06-30,"(по юлианскому календарю - 18 июня) Сражение на реке Арпачай в Армении между турецкой армией под командованием Юсуфпаши (20 тыс. чел.) и русским войском под командованием генерала И.В. Гудовича (7 тыс. чел.). (Русско-турецкая война, 1806—1812).","р. Арпачай, Армения",Война
1807-07-07,"(по юлианскому календарю - 25 июня) Тильзитский мир между Россией и Францией. Россия признала Великое герцогство Варшавское, получила Белостокскую область.","Тильзит, Восточная Пруссия (ныне Советск, Россия)",Дипломатия
1807-08-24,"(по юлианскому календарю - 12 августа) Русско-турецкое перемирие.",,"Дипломатия/Война"
1807-10-05,"Первое военное столкновение русской эскадры адмирала Д.Н. Сенявина с английским флотом при проходе Гибралтара. Позже русский флот был задержан у Лиссабона и сдан ""на сохранение"" британскому адмиралу Коттону.","Гибралтар/Лиссабон","Война/Флот"
1807-11-07,"(26 октября по юлианскому календарю) Россия разорвала дипломатические отношения с Англией. Началась Морская война Англии с Россией (см. ст. Англо-русская война).","Россия/Англия","Дипломатия/Война"
1808-01-01,"Преобразование в Петербурге Медико-хирургического института в Академию.","Санкт-Петербург, Россия","Образование/Реформы"
1808-02-16,"Узнав о военном союзе Швеции с Англией Александр І объявил войну Швеции (1808 - 1809). В результате этой войны занята Финляндия. О ее включении в состав России объявлено в марте 1908.","Россия/Швеция/Финляндия","Война/Политика"
1808-01-01,"Начало установления дипломатических отношений между Россией и США (1808-1809)","Россия/США",Дипломатия
1808-04-15,"В ходе Русско-шведской войны 1808—1809 годов в районе Револакса, города на северо-западе Финляндии. произошло сражение между шведским войском и русским отрядом","Револакс, Финляндия",Война
1808-05-02,"Мадридское восстание против французской оккупации. Начало широкомасштабной партизанской войны (герильи) в Испании.","Мадрид, Испания","Война/Восстание"
1808-06-05,"Александр І своим указом наложил запрет на привоз в Россию английских товаров.",Россия,"Политика/Экономика"
1808-08-21,"В районе Салми (населенный пункт в западной части Финляндии) произошло сражение между русским корпусом под командованием генерала Н.М. Каменского (11 тыс. чел.) и шведскими войсками под командованием фельдмаршала М. Клингспора. Из-за угрозы удара в тыл шведы отошли к побережью Ботнического залива.","Салми, Финляндия",Война
1808-01-01,"Н.П. Румянцев - министр иностранных дел и государственный канцлер России",Россия,Политика
1808-01-01,"А.А. Аракчеев - военный министр. М.М. Сперанский - руководитель комиссии о составлении законов.",Россия,"Политика/Реформы"
1808-09-14,"(по юлианскому календарю - 2 сентября) В районе населенного пункта Оравайс на берегу Ботнического зал. в Финляндии во время русско-шведской войны 1808-1809 годов произошёл бой между авангардом рус. корпуса и шведско-финскими войсками.","Оравайс, Финляндия",Война
1808-09-27,"(по юлианскому календарю - 15 сентября - 20 октября) Встреча Наполеона с Александром І в Эрфурте - ими подписан русско-французский мирный договор.","Эрфурт, Германия",Дипломатия
1808-09-30,"Эрфуртская союзная конвенция (секретная) между Францией и Россией","Эрфурт, Германия",Дипломатия
1809-03-01,"Александр І созвал сейм финнов, на котором объявил об образовании Великого княжества Финляндского в составе России","Борго (Порвоо), Финляндия",Политика
1809-03-01,"Возобновилась война с Турцией.","Россия/Османская Империя",Война
1809-03-13,"(по юлианскому календарю - 1 марта) Началась Аландская экспедиция - переход русского корпуса под командованием генерала П.И. Багратиона (17 тыс. чел.) по льду Ботнического залива к Аландским островам и берегам Швеции 1—7 марта 1809 г. (Русско-шведская война, 1808—1809).","Ботнический залив",Война
1809-04-01,"Браилов - осада и штурм Браилова корпусом под командованием генерала М.И. Кутузова (8 тыс. чел.) в апреле 1809 г.","Браилов (Брэила), Румыния",Война
1809-04-10,"Австрия, стремясь взять реванш, объявляет войну Франции. Начало войны Пятой коалиции.","Вена, Австрия",Война
1809-07-05,"Битва при Ваграме. Наполеон нанес поражение австрийской армии эрцгерцога Карла.","Ваграм, Австрия",Война
1809-08-08,"В ходе русско-шведской войны, 1808-1809 у города Ратан на северо-западе Швеции произошел бой между русским и шведским отрядами.","Ратан, Швеция",Война
1809-09-04,"В ходе Русско-турецкой войны 1806—1812 годов возле турецкая крепость в Добрудже Рассеват произошло сражение между русской армией и турецким войском.","Рассеват, Добруджа",Война
1809-09-17,"(по юлианскому календарю - 5 сентября) Фридрихсгамский мир между Россией и Швецией. Присоединение Финляндии к России","Фридрихсгам (Хамина), Финляндия",Дипломатия
1809-10-14,"(по юлианскому календарю - 2 октября) Шёнбруннский (Венский) мирный договор между Францией и Австрией. Австрия вновь уступила территории. Большая часть Галиции перешла в Великое герцогство Варшавское, а Тарнопольский округ - к России.","Вена, Австрия",Дипломатия
1809-01-01,"Составление М.М. Сперанским ""Введение к уложению государственных законов"", предусматривающему поэтапный переход к конституционной монархии.",Россия,"Политика/Реформы"
1809-01-01,"Пятая антифранцузкая коалиция",Европа,"Дипломатия/Война"
1810-01-01,"Присоединение Голландии к Франции.","Голландия/Франция",Политика
1810-01-01,"Начало промышленного кризиса во Франции.",Франция,Экономика
1810-01-01,"Покровительственный тариф в России",Россия,"Экономика/Реформы"
1810-01-01,"Конец работы ""Непременного совета"" при императоре России Александре І (1801-1810)",Россия,Политика
1810-01-01,"Новое ""Положение о правилах внешней торговли"" в России",Россия,"Экономика/Реформы"
1810-01-13,"(по юлианскому календарю - 1 января) Учреждение в России Государственного Совета, заменившего Непременный совет. М.М. Сперанский - секретарь Совета, А.А. Аракчеев - директор департамента военных дел Совета.","Санкт-Петербург, Россия","Политика/Реформы"
1810-03-15,"Союзные договоры Франции с Пруссией и Австрией.",,Дипломатия
1810-12-31,"(по юлианскому календарю - 19 декабря) Введены новые таможенные пошлины, которые выгодны для английских товаров, доставляемых судами под нейтральным флагом, и невыгодные для французских товаров, доставляемых по суше, что фактически противоречит ""континентальной блокаде"".",Россия,"Экономика/Политика"
1811-07-05,"Независимость Венесуэлы",Венесуэла,Политика
1811-01-01,"Педагогический институт в Петербурге стал Университетом","Санкт-Петербург, Россия",Образование
1811-01-01,"Захват Великобританией о. Ява, принадлежавший Голандии","о. Ява","Война/Колониализм"
1811-01-01,"Начало Луддитских восстаний в Великобритании",Великобритания,"Общество/Восстание"
1811-10-19,"Основание Императорского Царскосельского лицея под Санкт-Петербургом.","Царское Село, Россия","Образование/Культура"
1811-10-01,"В Румынии на левом берегу Дуная у населённого пункта Слободзея (Слобозия, Slobozia), в ходе русско-турецкой войны 1806—1812 гг. русские войска под командованием ген. М. И. Кутузова разгромили турецкую армию великого везира Ахмет-паши","Слободзея, Румыния",Война
1811-01-01,"Окончание строительства Казанского собора в Петербурге","Санкт-Петербург, Россия","Архитектура/Культура"
1811-01-01,"Изгнание мамлюков из Египта",Египет,"Политика/Война"
1812-01-01,"Издание В России ""Учреждение для управления Большой Действующей армией""",Россия,"Война/Право"
1812-02-24,"(по юлианскому календарю - 12 февраля) Парижский договор между Пруссией и Францией. Разрешение Наполеону свободного прохода через территорию Пруссии.","Париж, Франция",Дипломатия
1812-03-11,"Кадисская конституция в Испании","Кадис, Испания","Право/Политика"
1812-03-11,"В Пруссии ""Эдикт о гражданском положении евреев""",Пруссия,"Право/Реформы"
1812-03-29,"М.М. Сперанский, обвиненный в симпатиях к Франции, отправлен в ссылку. Усиление консервативных настроений перед войной.","Санкт-Петербург / Нижний Новгород, Россия",Политика
1812-04-01,"Договор России со Швецией",,Дипломатия
1812-05-01,"Введение в России право торгующим крестьянам на оптовую торговлю.",Россия,"Право/Экономика"
1812-05-28,"Бухарестский мир между Россией и Турцией. В состав России включена Бессарабия.","Бухарест, Валахия",Дипломатия
1812-06-18,"США объявляют войну Великобритании (Война 1812 года).","Вашингтон, США",Война
1812-06-19,"Начало войны между Великобританией и США (1812 - 1814)","Северная Америка",Война
1812-06-24,"(по юлианскому календарю - 12 июня) Вторжение Наполеона в Россию. Великая армия Наполеона (около 450 тыс. человек) переходит реку Неман у Ковно (Каунаса). Начало Отечественной войны 1812 года.","р. Неман / Ковно, Россия (ныне Литва)",Война
1812-07-10,"(по юлианскому календарю - 28 июня) Бой 28 июня 1812 г. между русским арьергардом и французской дивизией у города Вилькомир.","Вилькомир (Укмерге), Литва",Война
1812-07-18,"(6 июля по юлианскому календарю) В городе Эребру, Швеция, подписан мирный договор между Россией и Англией, положивший конец морской войне. В договоре сказано об обязательстве защищать друг друга в случае вступления другой стороны в войну.","Эребру, Швеция",Дипломатия
1812-07-20,"В Великих Луках подписан Договор между Испанией и Россией о совместной борьбе против Франции.","Великие Луки, Россия",Дипломатия
1812-07-22,"Соединение 1 и 2 русских армии под Смоленском","Смоленск, Россия",Война
1812-08-04,"Наступление Наполеона на Смоленск","Смоленск, Россия",Война
1812-08-12,"(по юлианскому календарю - 31 июля) Сражение частей 3-й русской армии с австрийским корпусом возле населенного пункта Городечна.","Городечна, Беларусь",Война
1812-08-16,"Смоленское сражение. После двухдневных боев русская армия под командованием Барклая-де-Толли оставляет горящий Смоленск и продолжает отступление.","Смоленск, Россия",Война
1812-08-17,"Прибытие М.И. Кутузова в действующую армию.","Царёво-Займище, Россия",Война
1812-08-19,"Сражение у Валутиной горы (или при Лубино). Арьергардные бои отступающей русской армии.","Валутина Гора (близ Смоленска), Россия",Война
1812-08-24,"Подготовительные бои перед Бородинским сражением","Шевардино, Россия",Война
1812-08-29,"М. И. Кутузов назначен главнокомандующим русской армией.","Царёво-Займище, Россия","Политика/Война"
1812-09-07,"(по юлианскому календарю - 26 августа) Бородинское сражение. Главное сражение Отечественной войны 1812 года между русской армией Кутузова и Великой армией Наполеона. Обе стороны понесли тяжелейшие потери, Наполеон не смог разгромить русскую армию.","с. Бородино (Московская губ.), Россия",Война
1812-09-13,"Военный совет в Филях. Кутузов принимает решение оставить Москву без боя ради сохранения армии.","д. Фили (Московская губ.), Россия",Война
1812-09-14,"(по юлианскому календарю - 2 сентября) Захват Наполеоном Москвы. Французская армия вступает в оставленную русскую Москву. В городе начинаются пожары.","Москва, Россия",Война
1812-09-15,"Московский пожар охватывает большую часть города. Великая армия лишается продовольствия и зимних квартир.","Москва, Россия","Война/Происшествие"
1812-09-17,"(по юлианскому календарю - 5 сентября) Начался так называемый Тарутинский маневр - переход русской русской армии под командованием генерал-фельдмаршала М.И. Кутузова из Москвы в село Тарутино 17 сентября - 3 октября (5—21 сентября) 1812 г.","Московская/Калужская губ., Россия",Война
1812-09-29,"(по юлианскому календарю - 17 сентября) Начались бои между русскими и участвовавшими на стороне французов прусскими войсками за Мезотен, населённый пункт в Курляндской губернии (ныне Межотне Латвия). Бои продолжались 17-18 (29-30) сентября.","Мезотен (Межотне), Латвия",Война
1812-10-18,"Сражение под Тарутино (или Винково). Авангард Мюрата атакован русскими войсками. Победа укрепила дух русской армии.","р. Чернишня (близ Тарутино), Россия",Война
1812-10-19,"(по юлианскому календарю - 7 октября) Отступление Наполеона из Москвы. Наполеон с главными силами покидает Москву, пытаясь пробиться на юг, к Калуге.","Москва, Россия",Война
1812-10-24,"Сражение за Малоярославец. Ожесточенные бои за город. Русская армия преградила Наполеону путь на Калугу, заставив отступать по разорённой Смоленской дороге.","Малоярославец, Россия",Война
1812-11-03,"(по юлианскому календарю - 22 октября) Произошло сражение русской армии с французской под Вязьмой. Авангард русской армии (Милорадович, Платов) нанес поражение отступающим корпусам Даву, Нея и Богарне.","Вязьма, Россия",Война
1812-11-15,"Сражения под Красным. Серия боев, в ходе которых русская армия нанесла тяжелые потери отступающей Великой армии, особенно корпусу Нея.","Красный (Смоленская губ.), Россия",Война
1812-11-23,"Бегство Наполеона из армии в Париж.","Сморгонь/Париж","Война/Политика"
1812-11-25,"Манифест Александра І об изгнании неприятеля из России и окончание войны",Россия,"Политика/Война"
1812-11-26,"Переправа через Березину. Остатки Великой армии с большими потерями форсируют реку под ударами русских армий Чичагова и Витгенштейна. Катастрофа для французов.","р. Березина (близ Борисова), Россия (ныне Беларусь)",Война
1812-12-02,"Победа Мэдисона в США на президентских выборах",США,Политика
1812-12-05,"Наполеон оставляет остатки армии в Сморгони и уезжает в Париж. Командование передано Мюрату.","Сморгонь, Россия (ныне Беларусь)","Война/Политика"
1812-12-14,"Последние остатки Великой армии переходят Неман, покидая пределы России. Фактическое завершение Отечественной войны 1812 года.","р. Неман / Ковно, Россия (ныне Литва)",Война
1812-12-30,"(по юлианскому календарю - 18 декабря) Соглашение о нейтралитете между Россией и Пруссией - Тауроггенская конвенция.","Таурогген (Таураге), Литва","Дипломатия/Война"
1812-01-01,"Независимость Чили. Хосе Мигель Каррера - первый президент Чили",Чили,Политика
1813-01-13,"Переход русской армии через Неман. Начало Заграничного похода русской армии 1813-1814 гг.","р. Неман",Война
1813-02-27,"(по юлианскому календарю - 15 февраля) Калишский союзный договор между Россией и Пруссией о совместных действиях против Наполеона. Шестая антифранцузская коалиция (1813 - 1814)","Калиш, Польша","Дипломатия/Война"
1813-01-01,"Попытка Испании подчинить Чили","Чили/Испания",Война
1813-03-27,"Освободительная война Пруссии от Наполеона. Русско-прусские войска занимают Дрезден.","Дрезден, Саксония",Война
1813-04-16,"Смерть М.И.Кутузова.","Бунцлау, Пруссия (ныне Болеславец, Польша)","Война/Персоналии"
1813-04-28,"Смерть М. И. Кутузова в Бунцлау (Силезия). Главнокомандующим назначен П. Х. Витгенштейн.","Бунцлау, Пруссия (ныне Болеславец, Польша)","Война/Персоналии"
1813-05-02,"(по юлианскому календарю - 20 апреля) Произошло Лютценское сражение между русско-прусскими войсками и войсками Наполеон. Наполеон нанес поражение союзникам.","Лютцен, Саксония",Война
1813-05-20,"(по юлианскому календарю - 8 мая) Началось сражение при Бауцене (проходило 20 - 21 мая). Наполеон одержал победу над союзниками, но не смог разгромить их армию.","Бауцен, Саксония",Война
1813-06-04,"Перемирие в Плайсвице между Пруссией и Францией.","Плейсвиц, Силезия","Дипломатия/Война"
1813-06-14,"Швеция и Великобритания выступают против Франции.",,"Дипломатия/Война"
1813-06-21,"Сражение под Виторией (Испания). Победа в сражение английских войск над французскими","Витория, Испания",Война
1813-07-12,"Начался Пражский конгресс - мирные переговоры между Россией и Пруссией, с одной стороны, и Францией - с другой, при посредничестве Австрии.","Прага, Австрия (ныне Чехия)",Дипломатия
1813-08-12,"Австрия объявила войну Наполеону.","Прага, Австрия (ныне Чехия)","Дипломатия/Война"
1813-08-26,"Сражение при Дрездене. Наполеон одержал крупную победу над Главной Богемской армией союзников под командованием Шварценберга.","Дрезден, Саксония",Война
1813-08-30,"Сражение под Кульмом. Русский гвардейский корпус Остермана-Толстого и Ермолова остановил и разгромил преследующий корпус Вандама.","Кульм, Богемия (ныне Хлумец, Чехия)",Война
1813-09-01,"Присоединение Австрии к договору между Россией и Пруссией",,Дипломатия
1813-09-06,"Сражение при Денневице. Прусские войска Бюлова при поддержке шведов разбили французский корпус Нея, шедший на Берлин.","Денневиц, Пруссия",Война
1813-10-12,"Независимость Парагвая",Парагвай,Политика
1813-10-16,"(по юлианскому календарю - 4 - 6 октября) ""Битва народов"" при Лейпциге - победа русских, прусских и австрийских войск над французскими. Крупнейшее сражение Наполеоновских войн.","Лейпциг, Саксония",Война
1813-10-19,"Завершение 'Битвы народов' под Лейпцигом. Решительное поражение Наполеона. Союзники занимают Лейпциг. Саксония переходит на сторону коалиции.","Лейпциг, Саксония",Война
1813-11-04,"Распад Рейнского союза",Германия,Политика
1813-11-05,"Гюлистанский мир между Россией и Персией","Гюлистан, Карабах",Дипломатия
1813-11-01,"Независимость Мексики",Мексика,Политика
1813-12-01,"Независимость Голандии","Голландия (Нидерланды)",Политика
1813-12-10,"Сошел со стапелей первый российский пароход ""Елизавета"": имел длину 18 м и был снабжен паровой балансирной машиной мощностью 4 л. с. и бортовыми гребными колесами, курсировал на линии Петербург - Кронштадт.","Санкт-Петербург, Россия","Технологии/Флот"
1813-12-11,"Фердинанд VII - снова король Испании",Испания,Политика
1813-12-29,"(по юлианскому календарю - 17 декабря) Русско-прусская армия под командованием генерала А. Вюртембергского (30 тыс. чел.) взяла город Данциг.","Данциг (Гданьск)","Политика/Война"
1813-01-01,"Восстание в Северном Китае против маньчжурской династии Цин","Северный Китай",Восстание
1814-01-01,"Начало боевых действий на территории Франции. Союзные армии переходят Рейн. Начало кампании 1814 года.","р. Рейн",Война
1814-03-01,"В ходе Заграничного похода русской армии, 1813—1814 годов произошло сражение между армией под командованием императора Наполеона и русско-прусским корпусом вблизи французского города Реймс.","Реймс, Франция",Война
1814-03-10,"В Шомоне (Франция) 10. III (но помечен задним числом - 1. III.) со стороны России, Великобритании, Австрии и Пруссии подписан договор - Шомонский трактат. Стороны договорились вести войну с Наполеоном І до окончательной победы.","Шомон, Франция","Дипломатия/Война"
1814-03-18,"Вступление союзных войск в Париж","Париж, Франция",Война
1814-03-25,"(по юлианскому календарю - 13 марта) Во Франции, в 120 км вост. Парижа, у населенного пункт Фер-Шампенуаз (Fere-Champenoise) произошло сражение между русско-австрийской кавалерией и французскими. пехотными соединениями.","Фер-Шампенуаз, Франция",Война
1814-03-30,"Капитуляция Парижа после сражения у его стен.","Париж, Франция",Война
1814-03-31,"Союзные войска во главе с императором Александром I триумфально вступают в Париж.","Париж, Франция","Война/Политика"
1814-04-06,"Отречение Наполеона. Ссылка Наполеона на остров Эльба. Реставрация династии Бурбонов во Франции","Фонтенбло, Франция",Политика
1814-04-11,"Договор в Фонтенбло. Союзники сохраняют Наполеону титул императора и отдают ему во владение остров Эльба.","Фонтенбло, Франция",Дипломатия
1814-05-03,"Людовик XVIII Бурбон прибывает в Париж. Реставрация монархии во Франции.","Париж, Франция",Политика
1814-05-30,"В Париже между участниками шестой антифранцузской коалиции (Россией, Англией, Австрией и Пруссией) подписан Парижский мирный договор (Первый). Франция возвращается к границам 1792 года.","Париж, Франция",Дипломатия
1814-09-18,"Начало Венского конгресса европейских держав для определения нового устройства Европы после Наполеоновских войн.","Вена, Австрия","Дипломатия/Политика"
1814-10-02,"Захват Испанией Чили","Чили/Испания","Война/Колониализм"
1814-11-29,"Начало массового издания газет в Великобритании",Великобритания,"Общество/Медиа"
1814-12-24,"Гентский мирный договор между Великобританией и США.","Гент, Бельгия",Дипломатия
1814-01-01,"Предложение о переименовании Новой Голандии в Австралию",Австралия,Политика
1814-01-01,"Начало англо-непальской войны","Непал/Индия","Война/Колониализм"
1815-03-01,"Бегство Наполеона с острова Эльба. Начало ""Ста дней""","о. Эльба / Бухта Жуан, Франция","Политика/Война"
1815-03-20,"Наполеон вступает в Париж. Людовик XVIII бежит. Восстановление Империи.","Париж, Франция","Политика/Война"
1815-03-25,"Седьмая антифранцузская коалиция. Державы Венского конгресса объявляют Наполеона вне закона.","Вена, Австрия","Дипломатия/Война"
1815-01-01,"Сто дней Наполеона (20.3.1815 - 22.6.1815)",Франция,"Политика/Война"
1815-06-08,"Образование Германского союза",Германия,Политика
1815-06-09,"(по юлианскому календарю - 28 мая) Венский конгресс принял заключительный Акт и закрылся: Большая часть Герцогства Варшавского присоединена к России под именем Царства Польского (Галиция отошла к Австрии, герцогство Познаньское и Краковская республика - к Пруссии).","Вена, Австрия","Дипломатия/Политика"
1815-06-16,"Сражения при Катр-Бра и Линьи. Наполеон разбил пруссаков Блюхера при Линьи, но Ней не смог разгромить англо-голландцев Веллингтона при Катр-Бра.","Катр-Бра / Линьи, Бельгия",Война
1815-06-18,"Битва при Ватерлоо. Решающее поражение Наполеона от англо-голландской армии Веллингтона и прусской армии Блюхера.","Ватерлоо, Бельгия",Война
1815-06-22,"Наполеон вторично отрекается от престола в Париже.","Париж, Франция",Политика
1815-07-01,"Людовик XVIII - король Франции","Париж, Франция",Политика
1815-07-10,"Образование правительства Франции во главе с Тайлераном и Фуше","Париж, Франция",Политика
1815-07-15,"Наполеон сдается англичанам на борту корабля 'Беллерофон'.","Атлантический океан (близ Рошфора)","Война/Политика"
1815-08-07,"Союзный договор - новая конституция Щвейцарии",Швейцария,"Право/Политика"
1815-09-01,"Отставка Тайлерана. Герцег Ришелье во главе правительства Франции.","Париж, Франция",Политика
1815-09-26,"Создание ""Священного союза"". Подписание Акта монархами России, Австрии и Пруссии с целью поддержания установленного порядка в Европе.","Париж, Франция","Дипломатия/Политика"
1815-10-16,"Наполеон Бонапарт прибывает на остров Святой Елены, место своей последней ссылки.","Остров Святой Елены, Атлантический океан","Политика/Персоналии"
1815-11-20,"(8 ноября по юлианскому календарю ) В Париже между участниками седьмой антифранцузской коалиции (Россией, Англией, Австрией и Пруссией) подписан Парижский мирный договор (Второй). Более суровые условия для Франции: возвращение к границам 1790 г., контрибуция, оккупация части территории.","Париж, Франция",Дипломатия
1815-11-01,"Польское царство в составе России получило свою конституцию","Варшава, Польша/Россия","Право/Политика"
1815-01-01,"Взятие британцами столицы Цейлона Канди. Завоевание Цейлона.","Канди, Цейлон (Шри-Ланка)","Война/Колониализм"
1815-01-01,"Хлебные законы в Великобритании",Великобритания,"Экономика/Право"
1816-02-09,"Основание 'Союза спасения' в Санкт-Петербурге - первой тайной декабристской организации.","Санкт-Петербург, Россия","Общество/Политика"
1816-03-20,"Жуан VI - король Португалии",Португалия,Политика
1816-07-09,"Независимость Аргентины",Аргентина,Политика
1816-12-04,"Монро - пятый президент США.",США,Политика
1816-01-01,"Договор между Великобританией и Непалом о зависимости политики Непала от Великобритании","Великобритания/Непал","Дипломатия/Колониализм"
1817-01-01,"Третья Маратхская война в Индии",Индия,"Война/Колониализм"
1817-01-01,"Начало Россией Кавказкой войны",Кавказ,Война
1818-01-01,"Образование 'Союза благоденствия' - более широкой тайной декабристской организации.","Москва / Санкт-Петербург, Россия","Общество/Политика"
1818-01-01,"Провозглашение независимости Чили",Чили,Политика
1818-09-09,"Подписаны русско-австрийский и русско-прусский Теплицкие союзные договоры, которые оформили союзные отношения держав шестой антифранцузской коалиции.","Теплице, Богемия",Дипломатия
1818-09-30,"(по юлианскому календарю - 18 сентября) В Аахене начал работу Конгресс ""Священного союза"" (См. ст. Аахенский конгресс).","Аахен, Пруссия","Дипломатия/Политика"
1818-01-01,"Образование империи Зулу в Южной Африке","Южная Африка",Политика
1818-01-01,"Занятие войсками США Восточной Флориды","Флорида, США","Война/Политика"
1819-08-07,"Образование Республики Великая Колумбия. Президент Симон Боливар.","Великая Колумбия",Политика
1819-08-01,"Карлстадская конференция.","Карлстад, Швеция",Дипломатия
1819-01-01,"Начало экспедиции М.П.Лазарева и Ф.Ф. Беллинсгаузена к южному полюсу (1819 - 1821).","Кронштадт/Антарктика","Наука/Экспедиция"
1819-01-01,"Чугуевское восстание в России.","Чугуев, Россия",Восстание
1819-01-01,"М.М.Сперанский возвращен из опалы и становится генерал-губернатором Сибири.","Сибирь, Россия",Политика
1820-01-01,"Начало революции в Испании",Испания,Революция
1820-06-01,"Начало революции в Неаполе, Центральной Италии, Пьемонте",Италия,Революция
1820-10-01,"Возмущение Семеновского полка в Петербурге","Санкт-Петербург, Россия","Военное дело/Общество"
1820-01-01,"Начало конгресса ""Священного союза"" в Троппау и Лайбах","Троппау/Лайбах, Австрия","Дипломатия/Политика"
1820-01-01,"Экспедиция М.П.Лазарева и Ф.Ф. Беллинсгаузена открыла Антарктиду",Антарктида,"Наука/Экспедиция"
1820-01-01,"Смерть короля Великобритании Георга III",Великобритания,Персоналии
1820-01-01,"Георг IV - король Великобритании",Великобритания,Политика
1821-01-01,"Начал работу Лайбахский конгресс 1821 года.","Лайбах (Любляна), Австрия","Дипломатия/Политика"
1821-02-24,"Игуальский план в Мексике. Попытка мирного отсоединения Мексики от Испании","Мексика/Испания",Политика
1821-03-06,"Восстание в Греции против Османской империи.","Греция/Османская Империя","Восстание/Война"
1821-05-05,"Смерть Наполеона на острове Святой Елены.","Остров Святой Елены, Атлантический океан",Персоналии
1821-07-28,"Независимость Перу",Перу,Политика
1821-01-01,"Наследник Португальского престола Дон Педру - регент Бразилии","Бразилия/Португалия",Политика
1821-01-01,"Освободительное движение в Дунайских княжествах","Дунайские княжества","Общество/Политика"
1821-01-01,"Съезд ""Союза благодействия"" в Москве","Москва, Россия","Общество/Политика"
1822-01-01,"Провозглашение независимости Греции. Эпидаврский органический статут",Греция,"Политика/Право"
1822-05-19,"Провозглашение генерала Итурбиде императором Мексики под именем Агустина І",Мексика,Политика
1822-05-24,"Присоединение Эквадора к Великой Колумбии","Эквадор/Великая Колумбия",Политика
1822-08-13,"Запрет тайных обществ в России",Россия,"Политика/Право"
1822-09-07,"Дон Педру провозгласил независимость Бразилии от Португалии","Бразилия/Португалия",Политика
1822-10-01,"Введение конституционой монархии в Португалии",Португалия,"Политика/Право"
1822-10-12,"Дон Педру коронован в Бразилии под именем Педру І",Бразилия,Политика
1822-10-20,"Начался Веронский конгресс ""Священного союза"" (с 20 октября по 14 декабря)","Верона, Италия","Дипломатия/Политика"
1822-12-02,"Провозглашение доктрины Монро ""Америка американцам"". Направлена против ""Священного союза"" в его борьбе против независимости стран Латинской Америки. В дальнейшем использовалась для вмешательства США в дела других государств американских континентов",США,"Политика/Дипломатия"
1822-01-01,"Начало возращения из США в Африку освобожденных от рабства негров","США/Африка (Либерия)",Общество
1823-08-20,"Смерть папы Пия VII",Рим,"Персоналии/Религия"
1823-09-28,"Избрание нового папы Льва XII",Рим,"Религия/Политика"
1823-01-01,"Возникновение ""Общества соединенных славян""",Россия,"Общество/Политика"
1823-01-01,"Отречение Августина І от титула императора Мексики",Мексика,Политика
1823-01-01,"Реставрация абсолютизма в Испании. Фердинанд VII - король Испании",Испания,Политика
1823-01-01,"Морганический брак Великого князя Константина с польской графиней И. Грудзинской, что заставило его отречься от престола","Польша/Россия","Политика/Общество"
1823-01-01,"Начало гражданской войны в Греции (1823 -1824)",Греция,Война
1823-12-02,"Президент США Дж. Монро провозгласил декларацию принципов внешней политики США, см. Монро доктрина.",США,"Политика/Дипломатия"
1824-04-17,"Подписан Русско-американский договор об определении границы русских владений в Северной Америке - первый договор между Россией и США.","Санкт-Петербург, Россия",Дипломатия
1824-06-21,"Отмена запрета профсоюзов в Великобритании",Великобритания,"Право/Общество"
1824-10-04,"Мексика провозглашена республикой",Мексика,Политика
1824-10-26,"Открытие Малого театра в Москве","Москва, Россия","Культура/Театр"
1824-11-19,"(по юлианскому календарю - 7 ноября) Крупнейшее в истории Санкт-Петербурга наводнение - уровень воды в Неве поднялся на 4,14 м выше ординара.","Санкт-Петербург, Россия","Происшествие/Природа"
1824-12-09,"Победа генерала Хосе де Сан-Мартина над испанцами. Окончательная независимость Перу от Испании","Аякучо, Перу","Война/Политика"
1824-01-01,"Окончание одной гражданской войны в Греции, начало новой (1824 - 1825)",Греция,Война
1824-01-01,"Снятие ограничений с крестьянской торговли в России",Россия,"Экономика/Реформы"
1825-01-30,"(по юлианскому календарю - 18 января)Открытие Большого театра в Москве","Москва, Россия","Культура/Театр"
1825-02-09,"Шестой президент США Джон Адамс",США,Политика
1825-08-06,"Независимость Боливии",Боливия,Политика
1825-09-27,"Великобритания. Первая железная дорога в мире .",Великобритания,"Технологии/Транспорт"
1825-12-01,"Смерть императора Александра I в Таганроге. Начало периода междуцарствия.","Таганрог, Россия","Политика/Персоналии"
1825-12-13,"(по юлианскому календарю - 1 декабря)Умер император Александр І. Возникла легенда о старце Федоре Кузьмиче, под именем которого до 1864 года якобы скрывался император.","Таганрог, Россия","Персоналии/Политика"
1825-12-01,"Присяга на верность императору Константину. Молчание Константина о своем отказе от престола (см. 1823 год).",Россия,Политика
1825-12-01,"Отказ Константина от престола.",Россия,Политика
1825-12-24,"(по юлианскому календарю - 12 декабря) Вступление на престол Николая I","Санкт-Петербург, Россия",Политика
1825-12-25,"(по юлианскому календарю - 13 декабря) Арест Пестеля","Тульчин, Украина",Политика
1825-12-26,"(по юлианскому календарю - 14 декабря) ""Переприсяга"" императору Николаю І","Санкт-Петербург, Россия",Политика
1825-12-26,"(по юлианскому календарю - 14 декабря) Восстание декабристов на Сенатской площади в Санкт-Петербурге. Попытка государственного переворота подавлена верными Николаю I войсками.","Санкт-Петербург, Россия","Восстание/Политика"
1825-01-01,"Закон о стачках в Великобритании",Великобритания,"Право/Общество"
1825-01-01,"Первый цикличный кризис перепроизводства в Великобритании",Великобритания,Экономика
1826-01-10,"(по юлианскому календарю - 29 декабря 1825 года) Восстание Черниговского полка.","Васильков, Украина","Восстание/Военное дело"
1826-01-15,"(по юлианскому календарю - 3 января) Подавлено восстание Черниговского полка.","с. Устимовка, Украина","Восстание/Военное дело"
1826-04-16,"(по юлианскому календарю - 4 апреля) Петербургский протокол к англо-русскому договору. Решение о совместных действиях по урегулированию греческого вопроса. В дальнейшем присоединение к нему Франции.","Санкт-Петербург, Россия",Дипломатия
1826-06-16,"Конец влияния янычар на власть в Османской империи.","Османская Империя","Политика/Военное дело"
1826-08-04,"(по юлианскому календарю - 23 июля) Вторжение персидских войск в Карабах. Начало новой русско-иранской войны (1826 - 1828)",Карабах,Война
1826-08-06,"(по юлианскому календарю - 25 июля) Казнь декабристов.","Санкт-Петербург, Россия","Политика/Право"
1826-10-07,"(по юлианскому календарю - 25 сентября) Заключение Россией с Портой Аккерманской конвенции.","Аккерман (Белгород-Днестровский)",Дипломатия
1826-01-01,"Введение цензурного устава в России.",Россия,"Право/Политика"
1826-01-01,"Инициатива Бекендорфа по созданию корпуса жандармов и Третьего отделения",Россия,"Политика/Реформы"
1827-01-26,"Независимость Перу от Великой Колумбии","Перу/Великая Колумбия",Политика
1827-07-06,"(по юлианскому календарю - 24 июня) Лондонская конвенциямежду Россией, Великобританией и Францией об автономии Греции и совместных действиях против Османской империи","Лондон, Великобритания",Дипломатия
1827-10-13,"(по юлианскому календарю - 1 октября) Взятие Эривани русскими войсками","Эривань (Ереван), Армения",Война
1827-10-20,"(по юлианскому календарю - 8 октября) Наваринское сражение. Победа англо-франко-русского флота над турецко-египетским. Давление на Турцию по представлению Греции автономии","Наваринская бухта, Греция","Война/Флот"
1827-11-08,"(по юлианскому календарю - 27 октября)Захват Тавриза русскими войсками","Тавриз (Тебриз), Персия",Война
1827-11-01,"Разрыв Портой Аккерманской конвенции. Начало войны между Портой и Россией (1827 - 1929)","Османская Империя/Россия","Дипломатия/Война"
1828-02-22,"(по юлианскому календарю - 10 февраля) В Туркманчае подписан мирный трактат между Россией и Персией. Окончание войны.","Туркманчай, Персия",Дипломатия
1828-03-15,"Начало боевых действий между Портой и Россией на Дунае и на Кавказе","Балканы/Кавказ",Война
1828-07-01,"Осада и взятие русскими войсками в 1828 г. турецкой крепости-порта Варна в Болгарии","Варна, Болгария",Война
1828-01-01,"Новый школьный устав в России",Россия,"Образование/Реформы"
1828-01-01,"Образование мануфактурного совета в России",Россия,"Экономика/Реформы"
1829-01-30,"Нападение в Тегеране на Российское посольство. Смерть А.С. Грибоедова","Тегеран, Персия","Дипломатия/Происшествие"
1829-02-10,"Смерть папы Льва XII",Рим,"Персоналии/Религия"
1829-03-31,"Избрание папой Пия VIII",Рим,"Религия/Политика"
1829-04-13,"Принятие закона по эмансипации католиков в Великобритании",Великобритания,"Право/Религия"
1829-09-14,"(по юлианскому календарю - 2 сентября) Мирный договор между Портой и Россией в Адрианополе. Автономия Греции, Сербии, Валахии в составе Османской империи","Адрианополь (Эдирне), Османская Империя",Дипломатия
1829-01-01,"Первая Всероссийская мануфактурная выставка","Санкт-Петербург/Москва","Экономика/Выставки"